<?xml version="1.0" encoding="UTF-8"?>
<beans xmlns="http://www.springframework.org/schema/beans"
       xmlns:xsi="http://www.w3.org/2001/XMLSchema-instance"
       xmlns:p="http://www.springframework.org/schema/p"
       xmlns:context="http://www.springframework.org/schema/context"
       xmlns:aop="http://www.springframework.org/schema/aop"
       xmlns:mvc="http://www.springframework.org/schema/mvc"
       xmlns:websocket="http://www.springframework.org/schema/websocket"
       xsi:schemaLocation="http://www.springframework.org/schema/beans
             http://www.springframework.org/schema/beans/spring-beans.xsd
             http://www.springframework.org/schema/context
             http://www.springframework.org/schema/context/spring-context.xsd
             http://www.springframework.org/schema/aop
             http://www.springframework.org/schema/aop/spring-aop.xsd
             http://www.springframework.org/schema/websocket
             http://www.springframework.org/schema/websocket/spring-websocket-4.1.xsd
             http://www.springframework.org/schema/mvc
             http://www.springframework.org/schema/mvc/spring-mvc.xsd">
<context:component-scan base-package="controller,logic,dao,aop,websocket" />     
<mvc:annotation-driven />
           
<aop:aspectj-autoproxy /> <!-- AOP 설정 -->
           
<!-- url과  Controller 연결 설정 -->
<bean class="org.springframework.web.servlet.mvc.support.ControllerClassNameHandlerMapping"/>                 
               
<bean id="viewResolver" class="org.springframework.web.servlet.view.InternalResourceViewResolver">
<property name="viewClass">
    <value>org.springframework.web.servlet.view.JstlView</value>
</property>
<property name="prefix"><value>/WEB-INF/view/</value></property>
<property name="suffix"><value>.jsp</value></property>
</bean>
              
<bean id="messageSource" class="org.springframework.context.support.ResourceBundleMessageSource">
<property name="basenames">
   <list><value>messages</value></list>
</property>
</bean>
              
<!--  예외 처리 설정 -->
<bean id="exceptionHandler" class="org.springframework.web.servlet.handler.SimpleMappingExceptionResolver">
<property name="exceptionMappings">
<value>exception.LoginException=exception
       exception.CartEmptyException=exception
       exception.BoardException=exception
</value>
</property>
</bean> 
              
<!-- 파일 업로드 설정 -->
<bean id="multipartResolver" class="org.springframework.web.multipart.commons.CommonsMultipartResolver"
p:maxUploadSize="10485760" p:maxInMemorySize="10485760" />

<!-- 채팅 웹소켓 관련 설정 
     ws://localhost:8080/shop3/chatting.shop 요청시 
     echoHandler 객체를 핸들러로 지정
-->
<websocket:handlers>
   <websocket:mapping handler="echoHandler" path="/chatting.shop"/>
</websocket:handlers>         
</beans>